{"route_data": {"snapped_start": [40.0781453, -75.2955937], "snapped_end": [40.0756634, -75.2915258], "target_distance_meters": 17702.739999999998, "target_distance_miles": 11.0, "routes": []}, "timestamp": 1754507855.987127, "params": {"start_lat": 40.07781359552803, "start_lon": -75.2950466694222, "end_lat": 40.075750070949006, "end_lon": -75.29156060353078, "distance_miles": 11.0}}