{"route_data": {"snapped_start": [40.0757535, -75.3004869], "snapped_end": [40.0844222, -75.2919911], "target_distance_meters": 6437.36, "target_distance_miles": 4.0, "routes": []}, "timestamp": 1754184771.3840866, "params": {"start_lat": 40.07575172046387, "start_lon": -75.30051784757062, "end_lat": 40.084298093870814, "end_lon": -75.29190324267745, "distance_miles": 4.0}}