{"route_data": {"snapped_start": [40.0761671, -75.3000791], "snapped_end": [40.0872279, -75.3053228], "target_distance_meters": 2414.0099999999998, "target_distance_miles": 1.5, "routes": []}, "timestamp": 1754184956.5354745, "params": {"start_lat": 40.07575172046387, "start_lon": -75.30051784757062, "end_lat": 40.087777521746624, "end_lon": -75.30469078062431, "distance_miles": 1.5}}