{"route_data": {"snapped_start": [40.0758418, -75.3005397], "snapped_end": [40.0844914, -75.2919238], "target_distance_meters": 8046.7, "target_distance_miles": 5.0, "routes": []}, "timestamp": 1754184558.047301, "params": {"start_lat": 40.07582887170459, "start_lon": -75.3005711561619, "end_lat": 40.085151872037905, "end_lon": -75.29216056073375, "distance_miles": 5.0}}