{"route_data": {"snapped_start": [40.0798246, -75.2939816], "snapped_end": [40.0798246, -75.2939816], "target_distance_meters": 4828.0199999999995, "target_distance_miles": 3.0, "routes": []}, "timestamp": 1754185796.0030437, "params": {"start_lat": 40.0797996622858, "start_lon": -75.2940595149994, "end_lat": 40.0797996622858, "end_lon": -75.2940595149994, "distance_miles": 3.0}}