{"route_data": {"snapped_start": [40.0836043, -75.302782], "snapped_end": [40.0836043, -75.302782], "target_distance_meters": 8046.7, "target_distance_miles": 5.0, "routes": []}, "timestamp": 1754185900.1952488, "params": {"start_lat": 40.08373350654804, "start_lon": -75.30291080474855, "end_lat": 40.08373350654804, "end_lon": -75.30291080474855, "distance_miles": 5.0}}