{"route_data": {"snapped_start": [40.0757535, -75.3004869], "snapped_end": [40.0798246, -75.2939816], "target_distance_meters": 6437.36, "target_distance_miles": 4.0, "routes": []}, "timestamp": 1754184730.9564452, "params": {"start_lat": 40.07575172046387, "start_lon": -75.30051784757062, "end_lat": 40.079822487860994, "end_lon": -75.29390952259135, "distance_miles": 4.0}}