{"route_data": {"snapped_start": [40.0757535, -75.3004869], "snapped_end": [40.0816357, -75.2933942], "target_distance_meters": 6437.36, "target_distance_miles": 4.0, "routes": []}, "timestamp": 1754184762.505868, "params": {"start_lat": 40.07575172046387, "start_lon": -75.30051784757062, "end_lat": 40.082591139704306, "end_lon": -75.29387715793098, "distance_miles": 4.0}}