{"route_data": {"snapped_start": [40.0760639, -75.297656], "snapped_end": [40.0760639, -75.297656], "target_distance_meters": 8046.7, "target_distance_miles": 5.0, "routes": []}, "timestamp": 1754185857.5374098, "params": {"start_lat": 40.07652756755304, "start_lon": -75.29831886291505, "end_lat": 40.07652756755304, "end_lon": -75.29831886291505, "distance_miles": 5.0}}