{"route_data": {"snapped_start": [40.0761671, -75.3000791], "snapped_end": [40.0872279, -75.3053228], "target_distance_meters": 32186.8, "target_distance_miles": 20.0, "routes": []}, "timestamp": 1754184964.3776326, "params": {"start_lat": 40.07575172046387, "start_lon": -75.30051784757062, "end_lat": 40.087777521746624, "end_lon": -75.30469078062431, "distance_miles": 20.0}}