{"route_data": {"snapped_start": [40.0774147, -75.2988445], "snapped_end": [40.0774147, -75.2988445], "target_distance_meters": 3218.68, "target_distance_miles": 2.0, "routes": []}, "timestamp": 1754488673.8917346, "params": {"start_lat": 40.077409690790454, "start_lon": -75.29884457588197, "end_lat": 40.077409690790454, "end_lon": -75.29884457588197, "distance_miles": 2.0}}