{"route_data": {"snapped_start": [40.0798404, -75.3005734], "snapped_end": [40.0975681, -75.2786301], "target_distance_meters": 8046.7, "target_distance_miles": 5.0, "routes": []}, "timestamp": 1754185039.8389847, "params": {"start_lat": 40.07575172046387, "start_lon": -75.30051784757062, "end_lat": 40.10181071545772, "end_lon": -75.27862028902994, "distance_miles": 5.0}}