{"route_data": {"snapped_start": [40.0782396, -75.2980176], "snapped_end": [40.0782396, -75.2980176], "target_distance_meters": 3218.68, "target_distance_miles": 2.0, "routes": []}, "timestamp": 1754489124.699806, "params": {"start_lat": 40.078164664382626, "start_lon": -75.29805064201356, "end_lat": 40.078164664382626, "end_lon": -75.29805064201356, "distance_miles": 2.0}}