{"route_data": {"snapped_start": [40.0774147, -75.2988445], "snapped_end": [40.0774147, -75.2988445], "target_distance_meters": 4828.0199999999995, "target_distance_miles": 3.0, "routes": []}, "timestamp": 1754487379.1784456, "params": {"start_lat": 40.077311115762704, "start_lon": -75.29882311820985, "end_lat": 40.077311115762704, "end_lon": -75.29882311820985, "distance_miles": 3.0}}