{"route_data": {"snapped_start": [40.0774147, -75.2988445], "snapped_end": [40.0774147, -75.2988445], "target_distance_meters": 8046.7, "target_distance_miles": 5.0, "routes": []}, "timestamp": 1754487289.7624059, "params": {"start_lat": 40.077311115762704, "start_lon": -75.29882311820985, "end_lat": 40.077311115762704, "end_lon": -75.29882311820985, "distance_miles": 5.0}}