{"route_data": {"snapped_start": [40.0757535, -75.3004869], "snapped_end": [40.08543, -75.2916655], "target_distance_meters": 3218.68, "target_distance_miles": 2.0, "routes": []}, "timestamp": 1754185021.104799, "params": {"start_lat": 40.07575172046387, "start_lon": -75.30051784757062, "end_lat": 40.10181071545772, "end_lon": -75.27862028902994, "distance_miles": 2.0}}