{"route_data": {"snapped_start": [40.0790565, -75.297203], "snapped_end": [40.0790565, -75.297203], "target_distance_meters": 9656.039999999999, "target_distance_miles": 6.0, "routes": []}, "timestamp": 1754489396.8650134, "params": {"start_lat": 40.079018202303494, "start_lon": -75.29721379280092, "end_lat": 40.079018202303494, "end_lon": -75.29721379280092, "distance_miles": 6.0}}