{"route_data": {"snapped_start": [40.0802815, -75.3037752], "snapped_end": [40.0802815, -75.3037752], "target_distance_meters": 1609.34, "target_distance_miles": 1.0, "routes": []}, "timestamp": 1754488170.3938987, "params": {"start_lat": 40.080247378115345, "start_lon": -75.30379027100409, "end_lat": 40.080247378115345, "end_lon": -75.30379027100409, "distance_miles": 1.0}}