{"route_data": {"snapped_start": [40.0748943, -75.3001642], "snapped_end": [40.0789789, -75.2947965], "target_distance_meters": 1609.34, "target_distance_miles": 1.0, "routes": []}, "timestamp": 1754184643.2783806, "params": {"start_lat": 40.07496380189143, "start_lon": -75.30133316039273, "end_lat": 40.078936131814494, "end_lon": -75.29485356901696, "distance_miles": 1.0}}