{"route_data": {"snapped_start": [40.0757535, -75.3004869], "snapped_end": [40.0816357, -75.2933942], "target_distance_meters": 8046.7, "target_distance_miles": 5.0, "routes": []}, "timestamp": 1754184500.028449, "params": {"start_lat": 40.07582887170459, "start_lon": -75.3005711561619, "end_lat": 40.082525803911466, "end_lon": -75.2938770087803, "distance_miles": 5.0}}