{"route_data": {"snapped_start": [40.0758418, -75.3005397], "snapped_end": [40.0845484, -75.289299], "target_distance_meters": 8046.7, "target_distance_miles": 5.0, "routes": []}, "timestamp": 1754184591.5426228, "params": {"start_lat": 40.07582887170459, "start_lon": -75.3005711561619, "end_lat": 40.08393720968267, "end_lon": -75.29041982115227, "distance_miles": 5.0}}